admin_l1_display_name,admin_code,poi_id,preferred,contact_type,contact,poi_area_code,poi_local_phone_number
Kyrgyzstan,KYRGY001-1,9593374467,N,URL OR WEB ADDRESS,http://gazprom-neft.kg/,,
Kyrgyzstan,KYRGY001-1,9667537520,Y,PHONE NUMBER,312-391515,312,391515
Kyrgyzstan,KYRGY001-1,9667486956,N,URL OR WEB ADDRESS,http://www.knp.kg,,
Kyrgyzstan,KYRGY001-1,9512925190,N,EMAIL ADDRESS,info@uzbekistan.kg,,
Kyrgyzstan,KYRGY001-1,9593628615,N,URL OR WEB ADDRESS,http://gazprom-neft.kg/,,
Kyrgyzstan,KYRGY001-1,9667541777,N,URL OR WEB ADDRESS,http://www.knp.kg,,
Kyrgyzstan,KYRGY001-1,9593628609,N,URL OR WEB ADDRESS,http://gazprom-neft.kg/,,
Kyrgyzstan,KYRGY001-1,9593349812,N,URL OR WEB ADDRESS,http://gazprom-neft.kg/,,
Kyrgyzstan,KYRGY001-1,9942257734,N,URL OR WEB ADDRESS,http://www.bmw.kg,,
Kyrgyzstan,KYRGY001-1,3031461212,N,URL OR WEB ADDRESS,http://www.airport.kg/,,
Kyrgyzstan,KYRGY001-1,9667486957,N,EMAIL ADDRESS,office@bnk-rosneft.kg,,
Kyrgyzstan,KYRGY001-1,9667537519,N,EMAIL ADDRESS,office@bnk-rosneft.kg,,
Kyrgyzstan,KYRGY001-1,9667477267,N,EMAIL ADDRESS,office@bnk-rosneft.kg,,
Kyrgyzstan,KYRGY001-1,9593349810,N,URL OR WEB ADDRESS,http://gazprom-neft.kg/,,
Kyrgyzstan,KYRGY001-1,9593251746,N,URL OR WEB ADDRESS,http://gazprom-neft.kg/,,
Kyrgyzstan,KYRGY001-1,9593628612,N,URL OR WEB ADDRESS,http://gazprom-neft.kg/,,
Kyrgyzstan,KYRGY001-1,9667429627,N,EMAIL ADDRESS,office@bnk-rosneft.kg,,
Kyrgyzstan,KYRGY001-1,9512925212,N,URL OR WEB ADDRESS,http://kg.china-embassy.org/chn,,
Kyrgyzstan,KYRGY001-1,9667537519,Y,PHONE NUMBER,312-391515,312,391515
Kyrgyzstan,KYRGY001-1,9859086400,N,URL OR WEB ADDRESS,https://mixit.ru,,
Kyrgyzstan,KYRGY001-1,9942260459,Y,PHONE NUMBER,312-530003,312,530003
Kyrgyzstan,KYRGY001-1,9942257734,Y,PHONE NUMBER,312-376770,312,376770
Kyrgyzstan,KYRGY001-1,9593251745,N,URL OR WEB ADDRESS,http://gazprom-neft.kg/,,
Kyrgyzstan,KYRGY001-1,9942263892,N,EMAIL ADDRESS,office@toyota-bishkek.kg,,
Kyrgyzstan,KYRGY001-1,9667549814,Y,PHONE NUMBER,312-391515,312,391515
Kyrgyzstan,KYRGY001-1,9593251740,N,URL OR WEB ADDRESS,http://gazprom-neft.kg/,,
Kyrgyzstan,KYRGY001-1,9593628610,N,URL OR WEB ADDRESS,http://gazprom-neft.kg/,,
Kyrgyzstan,KYRGY001-1,9593349824,N,URL OR WEB ADDRESS,http://gazprom-neft.kg/,,
Kyrgyzstan,KYRGY001-1,9667486957,N,URL OR WEB ADDRESS,http://www.knp.kg,,
Kyrgyzstan,KYRGY001-1,9667549815,N,URL OR WEB ADDRESS,http://www.knp.kg,,
Kyrgyzstan,KYRGY001-1,9667537519,N,URL OR WEB ADDRESS,http://www.knp.kg,,
Kyrgyzstan,KYRGY001-1,9942257735,Y,PHONE NUMBER,312-376770,312,376770
Kyrgyzstan,KYRGY001-1,9667537518,Y,PHONE NUMBER,312-391515,312,391515
Kyrgyzstan,KYRGY001-1,9942257736,N,URL OR WEB ADDRESS,http://www.bmw.kg,,
Kyrgyzstan,KYRGY001-1,9667477269,N,EMAIL ADDRESS,office@bnk-rosneft.kg,,
Kyrgyzstan,KYRGY001-1,9621865006,N,URL OR WEB ADDRESS,http://www.airport.kg/issykkul,,
Kyrgyzstan,KYRGY001-1,9593349826,N,URL OR WEB ADDRESS,http://gazprom-neft.kg/,,
Kyrgyzstan,KYRGY001-1,9667549814,N,URL OR WEB ADDRESS,http://www.knp.kg,,
Kyrgyzstan,KYRGY001-1,9593349828,N,URL OR WEB ADDRESS,http://gazprom-neft.kg/,,
Kyrgyzstan,KYRGY001-1,9859089819,N,EMAIL ADDRESS,HOTLINE@COFFEE-LIKE.COM,,
Kyrgyzstan,KYRGY001-1,9667549814,N,EMAIL ADDRESS,office@bnk-rosneft.kg,,
Kyrgyzstan,KYRGY001-1,9667537521,Y,PHONE NUMBER,312-391515,312,391515
Kyrgyzstan,KYRGY001-1,9667486958,Y,PHONE NUMBER,312-391515,312,391515
Kyrgyzstan,KYRGY001-1,9513877508,N,URL OR WEB ADDRESS,https://indembbishkek.gov.in/,,
Kyrgyzstan,KYRGY001-1,9942263892,Y,PHONE NUMBER,312-510855,312,510855
Kyrgyzstan,KYRGY001-1,9667549816,N,EMAIL ADDRESS,office@bnk-rosneft.kg,,
Kyrgyzstan,KYRGY001-1,9667477269,Y,PHONE NUMBER,312-391515,312,391515
Kyrgyzstan,KYRGY001-1,9942263891,Y,PHONE NUMBER,312-510855,312,510855
Kyrgyzstan,KYRGY001-1,9593349813,N,URL OR WEB ADDRESS,http://gazprom-neft.kg/,,
Kyrgyzstan,KYRGY001-1,9981227971,N,URL OR WEB ADDRESS,http://www.redpetroleum.kg/,,
Kyrgyzstan,KYRGY001-1,9593251736,N,URL OR WEB ADDRESS,http://gazprom-neft.kg/,,
Kyrgyzstan,KYRGY001-1,9667537517,N,URL OR WEB ADDRESS,http://www.knp.kg,,
Kyrgyzstan,KYRGY001-1,9942257736,N,EMAIL ADDRESS,office@bmw-center.kg,,
Kyrgyzstan,KYRGY001-1,9512925190,Y,PHONE NUMBER,312-986295,312,986295
Kyrgyzstan,KYRGY001-1,9942257735,N,URL OR WEB ADDRESS,http://www.bmw.kg,,
Kyrgyzstan,KYRGY001-1,9942257735,N,EMAIL ADDRESS,office@bmw-center.kg,,
Kyrgyzstan,KYRGY001-1,9667541777,Y,PHONE NUMBER,312-391515,312,391515
Kyrgyzstan,KYRGY001-1,9859101210,N,URL OR WEB ADDRESS,https://coffee-like.com,,
Kyrgyzstan,KYRGY001-1,9593628606,N,URL OR WEB ADDRESS,http://gazprom-neft.kg/,,
Kyrgyzstan,KYRGY001-1,9593349816,N,URL OR WEB ADDRESS,http://gazprom-neft.kg/,,
Kyrgyzstan,KYRGY001-1,9593349825,N,URL OR WEB ADDRESS,http://gazprom-neft.kg/,,
Kyrgyzstan,KYRGY001-1,9667537518,N,URL OR WEB ADDRESS,http://www.knp.kg,,
Kyrgyzstan,KYRGY001-1,9667549815,Y,PHONE NUMBER,312-391515,312,391515
Kyrgyzstan,KYRGY001-1,9593628611,N,URL OR WEB ADDRESS,http://gazprom-neft.kg/,,
Kyrgyzstan,KYRGY001-1,9667429627,Y,PHONE NUMBER,312-391515,312,391515
Kyrgyzstan,KYRGY001-1,9667429627,N,URL OR WEB ADDRESS,http://www.knp.kg,,
Kyrgyzstan,KYRGY001-1,9667429625,N,URL OR WEB ADDRESS,http://www.knp.kg,,
Kyrgyzstan,KYRGY001-1,9593349814,N,URL OR WEB ADDRESS,http://gazprom-neft.kg/,,
Kyrgyzstan,KYRGY001-1,9667429626,Y,PHONE NUMBER,312-391515,312,391515
Kyrgyzstan,KYRGY001-1,9593628613,N,URL OR WEB ADDRESS,http://gazprom-neft.kg/,,
Kyrgyzstan,KYRGY001-1,9667537516,N,URL OR WEB ADDRESS,http://www.knp.kg,,
Kyrgyzstan,KYRGY001-1,9593349815,N,URL OR WEB ADDRESS,http://gazprom-neft.kg/,,
Kyrgyzstan,KYRGY001-1,9667537516,N,EMAIL ADDRESS,office@bnk-rosneft.kg,,
Kyrgyzstan,KYRGY001-1,9593349821,N,URL OR WEB ADDRESS,http://gazprom-neft.kg/,,
Kyrgyzstan,KYRGY001-1,9942263891,N,URL OR WEB ADDRESS,http://www.toyota-bishkek.kg,,
Kyrgyzstan,KYRGY001-1,9593630756,N,URL OR WEB ADDRESS,http://gazprom-neft.kg/,,
Kyrgyzstan,KYRGY001-1,9667549816,Y,PHONE NUMBER,312-391515,312,391515
Kyrgyzstan,KYRGY001-1,9593349811,N,URL OR WEB ADDRESS,http://gazprom-neft.kg/,,
Kyrgyzstan,KYRGY001-1,9859089819,N,URL OR WEB ADDRESS,https://coffee-like.com,,
Kyrgyzstan,KYRGY001-1,3031461214,N,URL OR WEB ADDRESS,http://www.airport.kg/osh,,
Kyrgyzstan,KYRGY001-1,9593349809,N,URL OR WEB ADDRESS,http://gazprom-neft.kg/,,
Kyrgyzstan,KYRGY001-1,9667537520,N,EMAIL ADDRESS,office@bnk-rosneft.kg,,
Kyrgyzstan,KYRGY001-1,9942257736,Y,PHONE NUMBER,312-376770,312,376770
Kyrgyzstan,KYRGY001-1,9593628616,N,URL OR WEB ADDRESS,http://gazprom-neft.kg/,,
Kyrgyzstan,KYRGY001-1,9667477270,N,EMAIL ADDRESS,office@bnk-rosneft.kg,,
Kyrgyzstan,KYRGY001-1,9667477271,N,URL OR WEB ADDRESS,http://www.knp.kg,,
Kyrgyzstan,KYRGY001-1,9593349829,N,URL OR WEB ADDRESS,http://gazprom-neft.kg/,,
Kyrgyzstan,KYRGY001-1,9667486956,N,EMAIL ADDRESS,office@bnk-rosneft.kg,,
Kyrgyzstan,KYRGY001-1,9667541778,N,EMAIL ADDRESS,office@bnk-rosneft.kg,,
Kyrgyzstan,KYRGY001-1,9667477270,Y,PHONE NUMBER,312-391515,312,391515
Kyrgyzstan,KYRGY001-1,9667537517,N,EMAIL ADDRESS,office@bnk-rosneft.kg,,
Kyrgyzstan,KYRGY001-1,9667549816,N,URL OR WEB ADDRESS,http://www.knp.kg,,
Kyrgyzstan,KYRGY001-1,9593628608,N,URL OR WEB ADDRESS,http://gazprom-neft.kg/,,
Kyrgyzstan,KYRGY001-1,9621872608,N,URL OR WEB ADDRESS,http://www.airport.kg/karakol,,
Kyrgyzstan,KYRGY001-1,9667549813,N,EMAIL ADDRESS,office@bnk-rosneft.kg,,
Kyrgyzstan,KYRGY001-1,9667477267,Y,PHONE NUMBER,312-391515,312,391515
Kyrgyzstan,KYRGY001-1,9667537520,N,URL OR WEB ADDRESS,http://www.knp.kg,,
Kyrgyzstan,KYRGY001-1,9593349817,N,URL OR WEB ADDRESS,http://gazprom-neft.kg/,,
Kyrgyzstan,KYRGY001-1,9512925190,N,URL OR WEB ADDRESS,http://www.uzbekistan.kg/,,
Kyrgyzstan,KYRGY001-1,9593349819,N,URL OR WEB ADDRESS,http://gazprom-neft.kg/,,
Kyrgyzstan,KYRGY001-1,9593251744,N,URL OR WEB ADDRESS,http://gazprom-neft.kg/,,
Kyrgyzstan,KYRGY001-1,9667477270,N,URL OR WEB ADDRESS,http://www.knp.kg,,
Kyrgyzstan,KYRGY001-1,9667541778,N,URL OR WEB ADDRESS,http://www.knp.kg,,
Kyrgyzstan,KYRGY001-1,9593251742,N,URL OR WEB ADDRESS,http://gazprom-neft.kg/,,
Kyrgyzstan,KYRGY001-1,9593251748,N,URL OR WEB ADDRESS,http://gazprom-neft.kg/,,
Kyrgyzstan,KYRGY001-1,9667537521,N,URL OR WEB ADDRESS,http://www.knp.kg,,
Kyrgyzstan,KYRGY001-1,9942257734,N,EMAIL ADDRESS,office@bmw-center.kg,,
Kyrgyzstan,KYRGY001-1,9667549815,N,EMAIL ADDRESS,office@bnk-rosneft.kg,,
Kyrgyzstan,KYRGY001-1,9942263891,N,EMAIL ADDRESS,office@toyota-bishkek.kg,,
Kyrgyzstan,KYRGY001-1,9667537517,Y,PHONE NUMBER,312-391515,312,391515
Kyrgyzstan,KYRGY001-1,9593349830,N,URL OR WEB ADDRESS,http://gazprom-neft.kg/,,
Kyrgyzstan,KYRGY001-1,9667486958,N,URL OR WEB ADDRESS,http://www.knp.kg,,
Kyrgyzstan,KYRGY001-1,9667537521,N,EMAIL ADDRESS,office@bnk-rosneft.kg,,
Kyrgyzstan,KYRGY001-1,9667429625,N,EMAIL ADDRESS,office@bnk-rosneft.kg,,
Kyrgyzstan,KYRGY001-1,9593628614,N,URL OR WEB ADDRESS,http://gazprom-neft.kg/,,
Kyrgyzstan,KYRGY001-1,9667537518,N,EMAIL ADDRESS,office@bnk-rosneft.kg,,
Kyrgyzstan,KYRGY001-1,9667429626,N,EMAIL ADDRESS,office@bnk-rosneft.kg,,
Kyrgyzstan,KYRGY001-1,9667477268,Y,PHONE NUMBER,312-391515,312,391515
Kyrgyzstan,KYRGY001-1,9513012559,N,URL OR WEB ADDRESS,https://kg.usembassy.gov/,,
Kyrgyzstan,KYRGY001-1,9942263892,N,URL OR WEB ADDRESS,http://www.toyota-bishkek.kg,,
Kyrgyzstan,KYRGY001-1,9667477268,N,EMAIL ADDRESS,office@bnk-rosneft.kg,,
Kyrgyzstan,KYRGY001-1,9593349818,N,URL OR WEB ADDRESS,http://gazprom-neft.kg/,,
Kyrgyzstan,KYRGY001-1,9513012556,N,URL OR WEB ADDRESS,https://bischkek.diplo.de/,,
Kyrgyzstan,KYRGY001-1,9667429625,Y,PHONE NUMBER,312-191515,312,191515
Kyrgyzstan,KYRGY001-1,9667541777,N,EMAIL ADDRESS,office@bnk-rosneft.kg,,
Kyrgyzstan,KYRGY001-1,9667477269,N,URL OR WEB ADDRESS,http://www.knp.kg,,
Kyrgyzstan,KYRGY001-1,9667477267,N,URL OR WEB ADDRESS,http://www.knp.kg,,
Kyrgyzstan,KYRGY001-1,9593251737,N,URL OR WEB ADDRESS,http://gazprom-neft.kg/,,
Kyrgyzstan,KYRGY001-1,9667429626,N,URL OR WEB ADDRESS,http://www.knp.kg,,
Kyrgyzstan,KYRGY001-1,9859092968,N,EMAIL ADDRESS,hotline@coffee-like.com,,
Kyrgyzstan,KYRGY001-1,9667486957,Y,PHONE NUMBER,312-391515,312,391515
Kyrgyzstan,KYRGY001-1,9593251739,N,URL OR WEB ADDRESS,http://gazprom-neft.kg/,,
Kyrgyzstan,KYRGY001-1,9859101210,N,EMAIL ADDRESS,info@markformelle.by,,
Kyrgyzstan,KYRGY001-1,9593349822,N,URL OR WEB ADDRESS,http://gazprom-neft.kg/,,
Kyrgyzstan,KYRGY001-1,9667537516,Y,PHONE NUMBER,312-391515,312,391515
Kyrgyzstan,KYRGY001-1,9667486956,Y,PHONE NUMBER,312-391515,312,391515
Kyrgyzstan,KYRGY001-1,9593251747,N,URL OR WEB ADDRESS,http://gazprom-neft.kg/,,
Kyrgyzstan,KYRGY001-1,9667477271,N,EMAIL ADDRESS,office@bnk-rosneft.kg,,
Kyrgyzstan,KYRGY001-1,9593251741,N,URL OR WEB ADDRESS,http://gazprom-neft.kg/,,
Kyrgyzstan,KYRGY001-1,9512982723,N,URL OR WEB ADDRESS,https://kyrgyz.mid.ru,,
Kyrgyzstan,KYRGY001-1,9593374468,N,URL OR WEB ADDRESS,http://gazprom-neft.kg/,,
Kyrgyzstan,KYRGY001-1,9513012558,N,URL OR WEB ADDRESS,https://kyrgyzstan.mfa.gov.ua/,,
Kyrgyzstan,KYRGY001-1,9593349823,N,URL OR WEB ADDRESS,http://gazprom-neft.kg/,,
Kyrgyzstan,KYRGY001-1,9667541778,Y,PHONE NUMBER,312-391515,312,391515
Kyrgyzstan,KYRGY001-1,9667477271,Y,PHONE NUMBER,312-391515,312,391515
Kyrgyzstan,KYRGY001-1,9911487168,N,URL OR WEB ADDRESS,http://asiamall.kg/,,
Kyrgyzstan,KYRGY001-1,9942260458,Y,PHONE NUMBER,312-530003,312,530003
Kyrgyzstan,KYRGY001-1,9593628607,N,URL OR WEB ADDRESS,http://gazprom-neft.kg/,,
Kyrgyzstan,KYRGY001-1,9593251735,N,URL OR WEB ADDRESS,http://gazprom-neft.kg/,,
Kyrgyzstan,KYRGY001-1,9859092968,N,URL OR WEB ADDRESS,https://coffee-like.com,,
Kyrgyzstan,KYRGY001-1,9859086400,N,EMAIL ADDRESS,spb-gallery@mixit.ru,,
Kyrgyzstan,KYRGY001-1,9667549813,Y,PHONE NUMBER,312-391515,312,391515
Kyrgyzstan,KYRGY001-1,9593251743,N,URL OR WEB ADDRESS,http://gazprom-neft.kg/,,
Kyrgyzstan,KYRGY001-1,9667477268,N,URL OR WEB ADDRESS,http://www.knp.kg,,
Kyrgyzstan,KYRGY001-1,9593251738,N,URL OR WEB ADDRESS,http://gazprom-neft.kg/,,
Kyrgyzstan,KYRGY001-1,9667486958,N,EMAIL ADDRESS,office@bnk-rosneft.kg,,
Kyrgyzstan,KYRGY001-1,9709003828,Y,PHONE NUMBER,312-312111,312,312111
Kyrgyzstan,KYRGY001-1,9667549813,N,URL OR WEB ADDRESS,http://www.knp.kg,,
Kyrgyzstan,KYRGY001-1,9593349820,N,URL OR WEB ADDRESS,http://gazprom-neft.kg/,,
Kyrgyzstan,KYRGY001-1,9593349827,N,URL OR WEB ADDRESS,http://gazprom-neft.kg/,,
